<?xml version="1.0" encoding="UTF-8" standalone="yes"?>
<addon id="plugin.video.goldentv" name="[B][COLOR red]GOL[/COLOR][COLOR blue]DEN[/COLOR][COLOR white]TV[/COLOR][/B]" version="1.0.0" provider-name="Freeworld">
	<requires>
		<import addon="xbmc.python" version="2.1.0" />
 		<import addon="plugin.video.youtube" version="5.2.1" />
		<import addon="script.module.pyxbmct" version="1.1.4" />
		<import addon="script.module.urlresolver" version="3.0.0"/>
		<import addon="script.module.liveresolver" version="0.1.24"/>
		<import addon="script.video.F4mProxy" version="2.2.3"/>
	</requires>
	<extension point="xbmc.python.pluginsource" library="default.py">
		<provides>video</provides>
	</extension>
	
	 <extension point="xbmc.addon.repository" name="Mi repositorio">
        <info>https://raw.githubusercontent.com/Drak0n1/Repo/master/Repositorio/addons.xml</info>
        <checksum>https://raw.githubusercontent.com/Drak0n1/Repo/master/Repositorio/addons.xml.md5</checksum>
        <datadir zip="true">https://raw.githubusercontent.com/Drak0n1/master/Repositorio/</datadir>
    </extension>
	
	<extension point="xbmc.addon.metadata">
		<summary lang="en">Goldentv</summary>
		<description lang="en"></description>
		<platform>all</platform>
		<forum></forum>
		<website></website>
		<assets>
			<icon>icon.png</icon>
			<fanart>fanart.jpg</fanart>
			<screenshot>resources/screenshots/screenshot-01.jpg</screenshot>
			<screenshot>resources/screenshots/screenshot-02.jpg</screenshot>
			<screenshot>resources/screenshots/screenshot-03.jpg</screenshot>
		</assets>
		<news>release</news>
	</extension>
</addon>
